full_name,email,ip_address
Daryn Bonsey,dbonsey0@fda.gov,116.170.214.235
Ozzie Largen,olargen1@lulu.com,23.235.33.127
Letitia Everly,leverly2@netscape.com,49.102.209.66
Rolando Aggs,raggs3@paypal.com,173.206.89.59
Heidie Bolle,hbolle4@reddit.com,115.27.127.161
Jocelyne Simonnet,jsimonnet5@squidoo.com,71.129.106.100
Jessica Oughton,joughton6@rediff.com,85.206.178.188
Ailyn Claybourn,aclaybourn7@mac.com,78.32.207.39
Zebulen Vigurs,zvigurs8@state.gov,78.59.77.134
Nora Di Lucia,ndilucia9@economist.com,176.232.78.30
Saunder Portal,sportala@unesco.org,9.139.250.64
Jerrylee Tamburi,jtamburib@networksolutions.com,58.24.187.124
Haskel Boughton,hboughtonc@google.com.br,208.192.14.0
Riane Cabena,rcabenad@reverbnation.com,69.115.125.77
Grethel Poulsom,gpoulsome@techcrunch.com,238.228.215.247
Husain Vineall,hvineallf@omniture.com,192.184.198.249
Darcie Havvock,dhavvockg@chronoengine.com,99.241.43.80
Gypsy Gier,ggierh@pcworld.com,220.152.134.107
Pavlov Jailler,pjailleri@ning.com,203.151.205.123
Nikki Bakster,nbaksterj@techcrunch.com,17.45.197.58
Harli Dockrell,hdockrellk@yahoo.com,150.90.188.37
Karine Carley,kcarleyl@ehow.com,7.223.57.18
Patti Turone,pturonem@mail.ru,52.131.20.108
Bryana Wakenshaw,bwakenshawn@mail.ru,37.64.25.241
Bryn Kilius,bkiliuso@pen.io,224.236.26.227
Ethel Borgnol,eborgnolp@pbs.org,49.142.9.27
Elspeth Soeiro,esoeiroq@narod.ru,140.75.57.224
Huey Duding,hdudingr@house.gov,173.238.169.87
Fancy Buddleigh,fbuddleighs@upenn.edu,246.165.113.120
Eliza Wittrington,ewittringtont@biglobe.ne.jp,85.171.171.235
Aila Strete,astreteu@guardian.co.uk,90.204.141.169
Gabriello Paliser,gpaliserv@pinterest.com,238.15.145.82
Packston Galpin,pgalpinw@slashdot.org,69.130.127.236
Augie Ivankov,aivankovx@fastcompany.com,72.246.41.151
Helaine Stentiford,hstentifordy@booking.com,13.34.76.46
Winne Van den Oord,wvandenoordz@acquirethisname.com,206.167.68.3
Tresa Enric,tenric10@yolasite.com,78.120.189.27
Roselin Beswell,rbeswell11@netvibes.com,150.132.162.149
Ange Leber,aleber12@nydailynews.com,222.254.68.189
Casie Folca,cfolca13@barnesandnoble.com,187.233.92.72
Guinna Tickel,gtickel14@clickbank.net,40.231.103.13
Fidelia Bonifant,fbonifant15@soup.io,250.117.210.27
Nevil Ivanyushkin,nivanyushkin16@google.com,34.108.107.244
Donaugh Patise,dpatise17@newsvine.com,246.4.204.31
Yul Lowthian,ylowthian18@netlog.com,191.29.114.219
Alissa Mellenby,amellenby19@wsj.com,93.235.56.165
Lynnell Czyz,lczyz1a@patch.com,120.122.70.216
Babbette Weatherell,bweatherell1b@npr.org,121.13.146.130
Juline Redhills,jredhills1c@wufoo.com,29.232.30.247
Erica Chevalier,echevalier1d@rediff.com,121.22.153.199
Gery Hansbury,ghansbury1e@edublogs.org,43.163.189.51
Nerti Gerardi,ngerardi1f@hc360.com,77.9.136.236
Cyndi Huscroft,chuscroft1g@sciencedaily.com,68.246.57.23
Cosimo Gradly,cgradly1h@networksolutions.com,132.50.38.136
Flint Sonier,fsonier1i@taobao.com,87.72.160.0
Hugibert Rake,hrake1j@unesco.org,177.87.203.151
Sonya Stenton,sstenton1k@istockphoto.com,43.255.121.91
Zorana Klimecki,zklimecki1l@networksolutions.com,229.144.124.191
Alexio Somers,asomers1m@illinois.edu,84.237.173.132
Gran Lazare,glazare1n@samsung.com,244.119.4.168
Marcel Howerd,mhowerd1o@nature.com,125.153.255.85
Carlotta Parysiak,cparysiak1p@craigslist.org,49.109.96.131
Kimble Welburn,kwelburn1q@google.com.hk,153.212.180.125
Aylmer Siege,asiege1r@tumblr.com,152.162.247.28
Rozanne Danet,rdanet1s@geocities.com,19.195.210.38
Sadye Scotson,sscotson1t@utexas.edu,10.214.58.238
Sheridan Paddington,spaddington1u@artisteer.com,158.200.62.11
Natale Entwisle,nentwisle1v@google.it,121.87.11.56
Godard Hartwell,ghartwell1w@mediafire.com,224.17.73.174
Benton Scrimshire,bscrimshire1x@prweb.com,51.14.51.14
Virgie Vigietti,vvigietti1y@tinypic.com,96.230.66.176
Clemente Talloe,ctalloe1z@godaddy.com,223.193.252.196
Farand Cowpe,fcowpe20@mlb.com,59.242.245.4
Anne Luciani,aluciani21@constantcontact.com,162.119.62.65
Bessy Getcliffe,bgetcliffe22@blinklist.com,228.23.26.178
Juliane Vasechkin,jvasechkin23@timesonline.co.uk,248.17.232.172
Natalya Areles,nareles24@github.io,38.81.67.77
Reagan Lemmers,rlemmers25@godaddy.com,225.44.12.136
Christalle Swalwell,cswalwell26@goo.gl,117.217.131.205
Missie Clausner,mclausner27@howstuffworks.com,191.241.64.193
Erminie Shailer,eshailer28@wp.com,101.5.29.213
Rorie Gowlett,rgowlett29@independent.co.uk,234.215.169.174
Boony Dongles,bdongles2a@epa.gov,30.216.75.209
Fidelio Crippill,fcrippill2b@ocn.ne.jp,168.147.193.53
Al Roskell,aroskell2c@example.com,111.234.86.177
Randie Eddington,reddington2d@dyndns.org,31.206.138.183
Patrice Scrymgeour,pscrymgeour2e@topsy.com,175.37.107.132
Herta Worham,hworham2f@free.fr,104.176.103.160
Alexis Firpo,afirpo2g@statcounter.com,241.186.32.98
Lauren Gierok,lgierok2h@pbs.org,88.9.164.185
Dorise Shailer,dshailer2i@bloglovin.com,191.158.103.39
Freeland Foster-Smith,ffostersmith2j@drupal.org,90.218.173.83
Eliza Rozenbaum,erozenbaum2k@europa.eu,27.239.192.150
Vanny Housley,vhousley2l@cocolog-nifty.com,60.173.176.55
Mellicent Murr,mmurr2m@slideshare.net,137.55.176.76
Kayley Dunstone,kdunstone2n@infoseek.co.jp,240.247.214.53
Toiboid Gedney,tgedney2o@unc.edu,156.153.128.233
Vincent Gotecliffe,vgotecliffe2p@nbcnews.com,152.94.92.157
Jeniffer Silberschatz,jsilberschatz2q@vk.com,244.23.96.40
Margarete Hightown,mhightown2r@si.edu,27.128.89.2
Leroi Gallie,lgallie2s@icio.us,2.17.152.167
Druci Oganesian,doganesian2t@canalblog.com,121.42.55.242
Boot Spon,bspon2u@mapquest.com,77.80.212.118
Nilson Cyphus,ncyphus2v@amazonaws.com,196.138.111.95
Terrence Blyden,tblyden2w@unblog.fr,2.14.233.152
Emery Skyme,eskyme2x@barnesandnoble.com,143.100.80.197
Mirabel Headon,mheadon2y@ycombinator.com,224.125.43.183
Marielle Manton,mmanton2z@princeton.edu,79.127.52.79
Steffie Hoodlass,shoodlass30@pinterest.com,129.82.19.83
Yurik Burgisi,yburgisi31@boston.com,243.46.120.170
Manon Chaffey,mchaffey32@canalblog.com,9.239.140.30
Timmy Phelips,tphelips33@4shared.com,102.156.98.44
Daveen Burgum,dburgum34@nhs.uk,80.69.66.63
Elvira Dollard,edollard35@symantec.com,0.34.27.60
Stormy Bruckner,sbruckner36@npr.org,223.123.90.26
Desirae Fallen,dfallen37@bloglines.com,15.188.177.24
Thea Hegg,thegg38@google.fr,64.208.254.6
Galven Gensavage,ggensavage39@i2i.jp,154.117.229.177
Gonzales Willett,gwillett3a@ocn.ne.jp,192.115.203.214
Ambrosi Edscer,aedscer3b@howstuffworks.com,79.78.182.13
Edmund Symmons,esymmons3c@digg.com,3.252.43.140
Shell Oret,soret3d@ucsd.edu,147.180.145.148
Harris Atwel,hatwel3e@apache.org,92.61.55.150
Shirlee Bagguley,sbagguley3f@soundcloud.com,121.0.143.136
Kerrin Petersen,kpetersen3g@princeton.edu,114.104.83.159
Kaine Burder,kburder3h@creativecommons.org,20.154.79.99
Deeyn Lodge,dlodge3i@myspace.com,164.9.223.132
Ninon Ellerman,nellerman3j@archive.org,116.166.36.143
Cass Brisset,cbrisset3k@newsvine.com,155.249.80.221
Rania Musicka,rmusicka3l@youtube.com,35.52.190.242
Aurthur Jewks,ajewks3m@pbs.org,172.213.4.209
Lavina Deval,ldeval3n@miitbeian.gov.cn,121.68.7.22
Irene Spreull,ispreull3o@about.com,200.28.19.175
Margareta Groom,mgroom3p@xrea.com,169.139.138.6
Fonzie Stair,fstair3q@google.nl,76.155.128.47
Renado Archibald,rarchibald3r@economist.com,241.188.1.69
Zak Van Geffen,zvangeffen3s@amazon.co.jp,203.253.62.189
Kevon Landal,klandal3t@zdnet.com,204.229.58.73
D'arcy Jojic,djojic3u@about.me,202.47.237.176
Easter Foxcroft,efoxcroft3v@livejournal.com,203.146.24.73
Carmina Kopman,ckopman3w@google.com.au,220.197.103.136
Jose Gallety,jgallety3x@unesco.org,32.246.206.234
Juana Swash,jswash3y@reference.com,51.29.127.248
Tadeas Kilford,tkilford3z@soup.io,228.167.116.54
Brody Beels,bbeels40@tiny.cc,154.150.117.162
Madeleine Bartolomieu,mbartolomieu41@tinypic.com,168.99.186.148
Abran Escreet,aescreet42@nba.com,78.130.6.156
Wilton Noone,wnoone43@state.tx.us,119.99.96.79
Salvador Damsell,sdamsell44@guardian.co.uk,105.89.242.17
Bianka Iaduccelli,biaduccelli45@wikia.com,175.183.7.210
Virgilio Frenchum,vfrenchum46@merriam-webster.com,46.134.162.150
Farlie Tabord,ftabord47@hp.com,98.155.253.68
Yuma Kynman,ykynman48@tumblr.com,113.48.161.13
Bo Boatswain,bboatswain49@quantcast.com,206.7.192.109
Abbey Masding,amasding4a@usnews.com,103.82.31.200
Allyn Lobell,alobell4b@home.pl,72.133.255.79
Baird Lillicrop,blillicrop4c@youtube.com,23.3.241.139
Euphemia Mallaby,emallaby4d@yellowbook.com,165.82.226.208
Natassia Piggens,npiggens4e@gmpg.org,161.22.3.204
Conni Hadfield,chadfield4f@gov.uk,177.216.215.135
Hermann Vasyutichev,hvasyutichev4g@nymag.com,200.113.212.33
Tamra Philson,tphilson4h@springer.com,153.167.245.220
Geralda Placstone,gplacstone4i@rambler.ru,19.143.185.230
Budd Gotmann,bgotmann4j@shutterfly.com,217.204.216.223
Pearle D'Aeth,pdaeth4k@mapy.cz,25.201.243.32
Halley Barta,hbarta4l@ow.ly,137.102.18.204
Ambrosi Gleeson,agleeson4m@discovery.com,100.112.90.109
Demetrius Stirrup,dstirrup4n@pen.io,11.66.185.140
Neil Jauncey,njauncey4o@utexas.edu,113.220.199.31
Donia Bartomeu,dbartomeu4p@nba.com,235.67.101.242
Esra Ugolotti,eugolotti4q@jigsy.com,85.216.83.173
Anselm Pilmer,apilmer4r@ucoz.com,220.207.190.185
Norma Goodsell,ngoodsell4s@virginia.edu,238.44.225.249
Camila McKimmey,cmckimmey4t@jalbum.net,117.172.89.23
Lane Aggis,laggis4u@disqus.com,26.6.140.137
Kelley Hunnaball,khunnaball4v@umn.edu,234.110.237.190
Vonny Duling,vduling4w@creativecommons.org,138.141.170.17
Arri Willshear,awillshear4x@alexa.com,196.133.175.196
Sena Phetteplace,sphetteplace4y@surveymonkey.com,130.187.74.161
Jammie McGhie,jmcghie4z@pagesperso-orange.fr,174.32.173.60
Keen Rhymes,krhymes50@xrea.com,90.245.76.196
Far Attoe,fattoe51@yolasite.com,84.46.113.49
Lynette Dripps,ldripps52@dion.ne.jp,76.236.246.102
Bridgette Crookall,bcrookall53@tmall.com,239.98.174.185
Silvano Shiliton,sshiliton54@facebook.com,199.211.38.193
Pascal Blofeld,pblofeld55@constantcontact.com,208.235.219.224
Corine Atton,catton56@yahoo.co.jp,155.190.217.98
Adena Trevorrow,atrevorrow57@xinhuanet.com,121.183.185.191
Veriee Langstaff,vlangstaff58@chronoengine.com,222.187.59.6
Steffane Thyng,sthyng59@upenn.edu,240.28.127.125
Peder Corona,pcorona5a@xrea.com,88.74.67.202
Victoria Jarnell,vjarnell5b@4shared.com,48.208.101.112
Cecelia Maseres,cmaseres5c@naver.com,85.200.177.222
Susannah Holdforth,sholdforth5d@illinois.edu,244.218.0.139
Jeannie Margetson,jmargetson5e@chicagotribune.com,70.165.240.13
Fonzie Ginley,fginley5f@vistaprint.com,192.172.77.27
Sharia Boraston,sboraston5g@ted.com,12.149.34.41
Geraldine Giamelli,ggiamelli5h@marriott.com,114.27.83.191
Ruben Yesipov,ryesipov5i@indiatimes.com,131.54.183.252
Karry Hiorn,khiorn5j@eepurl.com,252.122.75.1
Ginger Hurler,ghurler5k@webeden.co.uk,70.163.198.72
Scarlett Hammelberg,shammelberg5l@mayoclinic.com,178.196.137.123
Raimundo Offin,roffin5m@mail.ru,96.8.128.145
Jaymee Olivera,jolivera5n@ameblo.jp,163.220.200.178
Paquito Palombi,ppalombi5o@furl.net,76.177.146.227
Marcellus Pascho,mpascho5p@un.org,103.155.241.137
Fernande Allwright,fallwright5q@newyorker.com,51.118.26.64
Ursula Sarll,usarll5r@newsvine.com,56.63.187.115
Jocelyne Kilmister,jkilmister5s@home.pl,214.211.246.142
Valida Carress,vcarress5t@zimbio.com,153.211.254.114
Lisabeth Darch,ldarch5u@army.mil,140.85.222.47
Kania Bentall,kbentall5v@cdc.gov,220.238.127.217
Edik Buckel,ebuckel5w@google.es,105.223.102.196
Rubi Wolford,rwolford5x@mediafire.com,148.108.105.130
Benedikt Lovekin,blovekin5y@wisc.edu,80.81.73.148
Anjela Kauscher,akauscher5z@google.co.uk,217.37.173.247
Kellen Danks,kdanks60@cnet.com,17.215.128.0
Conan Balsom,cbalsom61@ameblo.jp,87.236.136.78
Paola Kerrey,pkerrey62@adobe.com,203.251.86.198
Belvia Castelain,bcastelain63@ox.ac.uk,94.43.206.255
Paxton Derkes,pderkes64@facebook.com,110.56.211.186
Lew Varfalameev,lvarfalameev65@timesonline.co.uk,135.185.249.95
Sky Armor,sarmor66@mozilla.com,11.35.165.133
Maxie Kitchingman,mkitchingman67@loc.gov,98.184.238.86
Yorke Loughead,yloughead68@multiply.com,30.197.42.151
Lorelei Pendock,lpendock69@sourceforge.net,196.162.220.231
Cyril MacSharry,cmacsharry6a@devhub.com,44.95.133.34
Lurette Shepherdson,lshepherdson6b@jimdo.com,134.77.151.110
Franz McKeney,fmckeney6c@boston.com,64.27.215.51
Emmalynn Thornton,ethornton6d@free.fr,242.254.149.26
Maddalena Wickwarth,mwickwarth6e@ox.ac.uk,103.115.151.253
Addison Smooth,asmooth6f@java.com,231.16.12.74
Rabi Cridland,rcridland6g@blogspot.com,95.32.198.69
Courtney Slowgrove,cslowgrove6h@oaic.gov.au,197.142.19.12
Lindsy Playle,lplayle6i@smugmug.com,187.191.186.232
Aurore Aiston,aaiston6j@example.com,150.61.85.108
Jarad Rizzini,jrizzini6k@yandex.ru,102.120.236.63
Susana Baylie,sbaylie6l@goo.gl,164.48.228.175
Neilla Couronne,ncouronne6m@hatena.ne.jp,148.93.115.248
Lilas Brendel,lbrendel6n@mashable.com,177.20.151.203
Neely Bigg,nbigg6o@berkeley.edu,44.161.2.123
Moritz Burnet,mburnet6p@state.gov,205.176.20.147
Madge Purkiss,mpurkiss6q@imdb.com,43.251.64.24
Marlo Oldknowe,moldknowe6r@about.com,231.178.4.137
Jenna Crocetti,jcrocetti6s@hubpages.com,33.89.105.37
Brittaney Haugh,bhaugh6t@live.com,49.95.219.185
Charleen Gornar,cgornar6u@theguardian.com,100.73.15.18
Thoma Stanwix,tstanwix6v@deviantart.com,164.228.232.221
Tabb Totterdill,ttotterdill6w@cnbc.com,243.159.35.179
Flemming Bracken,fbracken6x@japanpost.jp,191.188.193.57
Gale Wildor,gwildor6y@reference.com,151.174.4.204
Devon Jerdon,djerdon6z@domainmarket.com,184.140.47.157
Paulette Noor,pnoor70@dailymail.co.uk,32.199.223.99
Jacob Croxall,jcroxall71@disqus.com,69.242.119.27
Auberon Ilyinykh,ailyinykh72@jugem.jp,51.123.131.129
Morgan Mogridge,mmogridge73@arizona.edu,0.86.216.100
Walliw Quibell,wquibell74@ebay.com,70.196.226.138
Stephan Draycott,sdraycott75@hhs.gov,138.132.187.59
Linoel Patient,lpatient76@dell.com,87.49.247.91
Olga MacAdie,omacadie77@blogger.com,113.184.94.169
Miquela Hargraves,mhargraves78@joomla.org,163.213.80.209
Gallard McIlmurray,gmcilmurray79@unesco.org,16.253.18.18
Maggie Liggins,mliggins7a@studiopress.com,138.35.159.114
Ransom Kobke,rkobke7b@geocities.com,105.165.135.210
Zorina Drydale,zdrydale7c@myspace.com,214.94.20.25
Auberon Casetta,acasetta7d@live.com,54.53.87.48
Cy Kagan,ckagan7e@reuters.com,144.0.64.27
Kelby Jakoubek,kjakoubek7f@indiegogo.com,103.27.188.98
Dodi MacDuff,dmacduff7g@yolasite.com,9.34.153.186
Wyatan Wickardt,wwickardt7h@squidoo.com,80.138.196.156
Farrell Ainscough,fainscough7i@bravesites.com,189.26.209.108
Bob Bushnell,bbushnell7j@infoseek.co.jp,215.170.226.148
Brigida Clowes,bclowes7k@nature.com,85.26.143.10
Dari Robeson,drobeson7l@bravesites.com,193.0.129.38
Sherwin Simister,ssimister7m@gmpg.org,113.119.89.220
Steve Hymus,shymus7n@apple.com,30.158.169.58
Auguste Senter,asenter7o@fotki.com,73.199.249.101
Gayel Rhelton,grhelton7p@hhs.gov,75.208.79.34
Dulcea Shooter,dshooter7q@bigcartel.com,147.54.149.15
Mignonne Tall,mtall7r@ehow.com,34.51.36.220
Olivia Yakovitch,oyakovitch7s@time.com,3.26.43.64
Almeria Manclark,amanclark7t@tuttocitta.it,201.56.232.73
Killie Girardoni,kgirardoni7u@linkedin.com,164.192.130.182
Saxe Varvell,svarvell7v@blinklist.com,185.213.197.158
Symon Farfolomeev,sfarfolomeev7w@wix.com,59.65.84.188
Lida Woan,lwoan7x@clickbank.net,24.31.61.238
Blythe Bothe,bbothe7y@fda.gov,104.212.40.106
Dexter Grinov,dgrinov7z@eventbrite.com,182.41.44.113
Dawna Perel,dperel80@goo.gl,180.108.160.40
Hermy Delmonti,hdelmonti81@nymag.com,38.131.235.250
Lark Barrand,lbarrand82@virginia.edu,173.75.128.148
Wernher Symonds,wsymonds83@rakuten.co.jp,230.212.248.104
Ollie Bayns,obayns84@prweb.com,169.21.204.106
Wildon Kumaar,wkumaar85@sogou.com,177.27.76.133
Luce Balam,lbalam86@newsvine.com,160.93.16.217
Zandra Armour,zarmour87@wordpress.org,140.16.64.19
Baillie Sarah,bsarah88@cargocollective.com,161.202.73.101
Tasia Stanislaw,tstanislaw89@jalbum.net,146.26.207.50
Marieann Hiddy,mhiddy8a@yolasite.com,101.229.148.244
Dani Dearle,ddearle8b@simplemachines.org,108.127.138.249
Raimondo Putterill,rputterill8c@feedburner.com,173.34.245.114
Alexia Naisey,anaisey8d@people.com.cn,153.219.217.82
Benedict Billborough,bbillborough8e@wufoo.com,76.244.83.106
Katrina Dickson,kdickson8f@blogspot.com,151.38.241.202
Hussein Jerman,hjerman8g@rakuten.co.jp,4.86.140.59
Emory McCaskill,emccaskill8h@virginia.edu,209.252.81.221
Midge Tudgay,mtudgay8i@npr.org,8.138.206.42
Gibb Rivett,grivett8j@nps.gov,7.47.166.35
Marj McAlinden,mmcalinden8k@comsenz.com,233.235.93.116
Cad Withur,cwithur8l@npr.org,142.16.204.27
Tory Thresher,tthresher8m@gizmodo.com,15.14.136.148
Clemens Konzelmann,ckonzelmann8n@eepurl.com,26.7.164.249
Jarret MacAndie,jmacandie8o@wordpress.com,156.179.184.89
Shaughn Gregon,sgregon8p@telegraph.co.uk,159.117.19.56
Elane Phelips,ephelips8q@va.gov,118.13.130.46
Enrika Rowaszkiewicz,erowaszkiewicz8r@google.ca,153.219.139.103
Valenka Hancock,vhancock8s@foxnews.com,115.14.202.46
Latia Crass,lcrass8t@mapquest.com,70.167.181.28
Wait Polfer,wpolfer8u@acquirethisname.com,248.250.76.227
Gratiana Scoggins,gscoggins8v@icio.us,253.96.58.130
Dell Killough,dkillough8w@a8.net,254.5.157.177
Hetty Noto,hnoto8x@dailymail.co.uk,76.65.43.26
Gawain Hudleston,ghudleston8y@amazon.com,25.127.126.76
Brit Denyer,bdenyer8z@umn.edu,26.185.43.8
Romola Hachette,rhachette90@sun.com,52.252.96.13
Maynord Pasfield,mpasfield91@rediff.com,26.47.46.253
Terry Wetwood,twetwood92@slate.com,27.2.181.143
Magnum Mayes,mmayes93@hatena.ne.jp,171.25.212.35
Corena Bodesson,cbodesson94@jigsy.com,129.2.146.36
Vida Mervyn,vmervyn95@oaic.gov.au,192.71.162.128
Westbrooke Skeldon,wskeldon96@parallels.com,1.229.103.199
Lonee Moncarr,lmoncarr97@skype.com,129.80.129.178
Alair Indgs,aindgs98@chron.com,188.229.169.53
Sacha Barde,sbarde99@phoca.cz,146.73.83.186
Eirena Kleinstub,ekleinstub9a@cbsnews.com,56.24.70.26
Westbrook Pounsett,wpounsett9b@vimeo.com,148.146.82.210
Sonya Tappington,stappington9c@hp.com,82.104.111.132
Theodoric Birkhead,tbirkhead9d@clickbank.net,145.79.102.28
Hewie Addinall,haddinall9e@google.com,159.228.183.102
Cosette Muddle,cmuddle9f@abc.net.au,138.47.31.72
Errol Alfonso,ealfonso9g@trellian.com,16.38.205.163
Eydie Schult,eschult9h@marriott.com,33.73.138.30
Lonny Sallery,lsallery9i@hp.com,54.109.126.106
Simeon Pauwel,spauwel9j@foxnews.com,200.121.174.53
Alejandra McQuirk,amcquirk9k@berkeley.edu,43.71.25.113
Laughton Groucock,lgroucock9l@qq.com,112.68.100.27
Ursuline Cisneros,ucisneros9m@4shared.com,194.194.177.214
Katalin Kennaird,kkennaird9n@cnet.com,31.201.37.32
Fey Beadles,fbeadles9o@alibaba.com,71.9.223.78
Dusty Trinke,dtrinke9p@paypal.com,149.185.36.28
Liva Earpe,learpe9q@jiathis.com,4.25.109.205
Isiahi Piggin,ipiggin9r@adobe.com,88.144.147.165
Terencio Castel,tcastel9s@edublogs.org,20.216.228.207
Sari Haddon,shaddon9t@blogger.com,199.49.20.71
Yancy Weerdenburg,yweerdenburg9u@phoca.cz,0.190.140.125
Carlin Spataro,cspataro9v@e-recht24.de,208.63.187.211
Chad Scotland,cscotland9w@soup.io,223.106.170.154
Rudiger Skypp,rskypp9x@uol.com.br,185.250.113.3
Ebeneser Tesmond,etesmond9y@loc.gov,162.185.144.9
Lancelot Stribling,lstribling9z@nsw.gov.au,162.26.26.54
Gabbie Duncan,gduncana0@engadget.com,55.93.83.19
Dacia Nutt,dnutta1@businessinsider.com,40.48.123.202
Kenyon Dyet,kdyeta2@cam.ac.uk,119.25.74.4
Bale Jocelyn,bjocelyna3@ucla.edu,85.221.87.225
Cornell Coiley,ccoileya4@google.co.jp,199.119.9.25
Rriocard Spark,rsparka5@guardian.co.uk,213.4.135.184
Meara Von Gladbach,mvongladbacha6@usnews.com,105.176.125.249
Devonna Attac,dattaca7@joomla.org,37.18.0.126
Billy Frentz,bfrentza8@seesaa.net,74.60.172.239
Desi Spieght,dspieghta9@oracle.com,231.137.239.13
Britteny Lutty,bluttyaa@va.gov,246.175.1.88
Rayshell Vaugham,rvaughamab@wsj.com,131.7.155.170
Grete Wohler,gwohlerac@blogspot.com,198.159.73.157
Brice Kaliszewski,bkaliszewskiad@usnews.com,137.132.239.65
Eimile Chatband,echatbandae@networkadvertising.org,129.52.74.111
Gloriane Gair,ggairaf@dion.ne.jp,71.48.238.8
Gillie Degnen,gdegnenag@wix.com,177.164.129.136
Erhard Mc Caughen,emccaughenah@angelfire.com,142.73.73.100
Marje Dahlgren,mdahlgrenai@state.gov,62.131.107.39
Ignaz Bargery,ibargeryaj@ifeng.com,122.88.76.87
Adele Guidoni,aguidoniak@guardian.co.uk,20.246.151.55
Susi Snartt,ssnarttal@friendfeed.com,54.216.119.201
Grange Stainland,gstainlandam@chron.com,128.244.110.48
Solomon Larderot,slarderotan@who.int,252.110.27.206
Arvin Urien,aurienao@baidu.com,244.95.136.66
Brooks Birdwistle,bbirdwistleap@yahoo.co.jp,168.251.128.254
Cassie Hammerberg,chammerbergaq@hao123.com,86.45.180.46
Dell Nannizzi,dnannizziar@miibeian.gov.cn,185.57.58.173
Coreen Kesper,ckesperas@trellian.com,191.33.183.189
Charline Rhys,crhysat@t-online.de,143.237.21.47
Bartholomew Jeckell,bjeckellau@yellowpages.com,10.94.232.145
Stormie Cannon,scannonav@home.pl,71.135.160.192
Lorena Saywood,lsaywoodaw@gnu.org,73.0.154.93
Annabelle Jedrachowicz,ajedrachowiczax@addthis.com,33.248.183.105
Marje Hurren,mhurrenay@yandex.ru,122.97.70.64
Bastien Inett,binettaz@jalbum.net,164.56.170.212
Sasha Edelheid,sedelheidb0@pcworld.com,124.138.5.191
Jamison Kirvin,jkirvinb1@timesonline.co.uk,114.49.216.114
Devi Micka,dmickab2@dion.ne.jp,132.213.232.226
Rickert Faiers,rfaiersb3@wikimedia.org,141.243.238.22
Gallard Ilyinykh,gilyinykhb4@cbc.ca,9.136.229.125
Saul Loudon,sloudonb5@seattletimes.com,124.83.153.30
Lorelle Sandeland,lsandelandb6@chron.com,248.68.94.237
Pippy Biesty,pbiestyb7@thetimes.co.uk,192.168.41.2
Auria Aindriu,aaindriub8@multiply.com,151.10.170.237
Abbey Cockaday,acockadayb9@deliciousdays.com,121.95.111.120
Freddie MacAllan,fmacallanba@ebay.com,36.213.93.108
Angelo Pettet,apettetbb@tumblr.com,66.244.219.214
Sandro Egginton,seggintonbc@mozilla.org,124.62.153.201
Minne Force,mforcebd@ucsd.edu,53.239.60.238
Valina Emmitt,vemmittbe@java.com,56.193.121.33
Moina Giuron,mgiuronbf@wikipedia.org,121.178.156.156
Kori Barczynski,kbarczynskibg@google.com.au,90.241.92.242
Bernice Gatecliffe,bgatecliffebh@jiathis.com,113.138.171.181
Ker Coast,kcoastbi@huffingtonpost.com,145.56.207.121
Jammal Duffyn,jduffynbj@sbwire.com,105.184.221.36
Gaelan Lipyeat,glipyeatbk@ucsd.edu,188.225.219.65
Major Flatman,mflatmanbl@sfgate.com,58.33.127.148
Brit Deluze,bdeluzebm@reddit.com,19.86.237.227
August Glason,aglasonbn@themeforest.net,180.111.220.173
Annabal Lowten,alowtenbo@typepad.com,109.31.199.35
Wheeler Dacca,wdaccabp@cargocollective.com,151.180.84.129
Tannie Barhems,tbarhemsbq@shop-pro.jp,237.174.114.33
Goran Crook,gcrookbr@shinystat.com,64.91.249.181
Terrance Woodrooffe,twoodrooffebs@t-online.de,85.217.219.47
Cullan Curror,ccurrorbt@theguardian.com,155.66.63.195
Gerrie Arkley,garkleybu@e-recht24.de,187.126.231.234
Margeaux Alliston,mallistonbv@tumblr.com,65.7.70.80
Debbi Forsard,dforsardbw@usgs.gov,162.44.212.205
Sam Gookey,sgookeybx@blogtalkradio.com,224.248.0.224
Darnell Eacott,deacottby@upenn.edu,211.198.146.86
Grace Southcombe,gsouthcombebz@linkedin.com,183.230.208.54
Kellby Adenot,kadenotc0@t.co,88.212.76.14
Avril Goff,agoffc1@narod.ru,25.96.163.144
Tate Maltman,tmaltmanc2@army.mil,190.3.120.208
Dawna Greedy,dgreedyc3@eventbrite.com,207.144.8.213
Rycca Nellis,rnellisc4@seesaa.net,178.183.52.29
Terrel Sprowell,tsprowellc5@accuweather.com,227.61.71.224
Preston Ferri,pferric6@independent.co.uk,16.225.241.202
Willow Carlesi,wcarlesic7@yellowbook.com,149.54.152.142
Rosabelle Satterthwaite,rsatterthwaitec8@economist.com,78.91.75.237
Armand Scholling,aschollingc9@themeforest.net,252.51.187.91
Katheryn Kilty,kkiltyca@goo.gl,176.23.163.191
Ogden Antoniottii,oantoniottiicb@storify.com,71.74.161.234
Garnette Smogur,gsmogurcc@google.de,143.142.233.90
Donnie Crowth,dcrowthcd@patch.com,245.49.21.137
Benedict Fellona,bfellonace@irs.gov,240.174.241.148
Sigmund Slucock,sslucockcf@nih.gov,138.191.196.82
Agustin Zorzutti,azorzutticg@is.gd,153.200.187.105
Jonathan Goldsberry,jgoldsberrych@networkadvertising.org,47.83.70.151
Barbey Solan,bsolanci@arstechnica.com,38.22.92.65
Timotheus Mattocks,tmattockscj@friendfeed.com,138.17.150.4
Yasmin Outibridge,youtibridgeck@apache.org,184.4.65.244
Mitchell Vitet,mvitetcl@salon.com,162.14.159.8
Ashlan Tomaello,atomaellocm@usgs.gov,14.117.122.250
Brigid Etchells,betchellscn@stanford.edu,36.185.36.107
Dorri Enric,denricco@gov.uk,200.165.240.206
Evangelina Linay,elinaycp@phoca.cz,48.108.161.115
Mari Padson,mpadsoncq@shareasale.com,216.100.32.204
Dwain Finicj,dfinicjcr@sciencedirect.com,208.105.122.71
Fred Newarte,fnewartecs@wisc.edu,97.154.52.114
Van Haggard,vhaggardct@prlog.org,232.245.61.153
Ronnie Chidwick,rchidwickcu@addtoany.com,18.128.188.249
Bryn Facchini,bfacchinicv@cargocollective.com,173.87.75.40
Faber Trigwell,ftrigwellcw@statcounter.com,105.228.186.31
Frances Larderot,flarderotcx@reference.com,117.164.32.58
Lucas Frankowski,lfrankowskicy@globo.com,45.226.3.25
Nananne Antonescu,nantonescucz@auda.org.au,199.243.233.114
Blancha Pearcehouse,bpearcehoused0@ehow.com,235.0.208.155
Hyacinth Ketch,hketchd1@w3.org,58.70.104.79
Gregg Hoggan,ghoggand2@bloglines.com,2.243.150.21
Shelby De Stoop,sdestoopd3@deviantart.com,124.73.236.224
Evered Fudge,efudged4@latimes.com,190.30.156.99
Aguistin Sephton,asephtond5@ft.com,11.100.66.207
Lark Vasin,lvasind6@github.com,134.130.59.30
Addy Cullotey,aculloteyd7@dailymotion.com,126.101.3.154
Charisse Yelding,cyeldingd8@tinypic.com,186.137.209.41
Gustave Oliphand,goliphandd9@trellian.com,52.94.123.169
Quincey Ellul,qellulda@nih.gov,247.122.227.24
Miquela Clash,mclashdb@cam.ac.uk,5.229.246.24
Florri Creer,fcreerdc@angelfire.com,239.176.33.192
Tristan Hollindale,thollindaledd@i2i.jp,2.34.128.241
Raoul MacMenemy,rmacmenemyde@reverbnation.com,107.186.152.116
Eliza Dakhov,edakhovdf@networkadvertising.org,121.226.182.226
Cordi Grenshiels,cgrenshielsdg@shareasale.com,161.67.189.4
Kellina Tardiff,ktardiffdh@harvard.edu,84.181.229.119
Jerry Waddington,jwaddingtondi@reddit.com,121.14.87.197
Donavon Tonkin,dtonkindj@umich.edu,180.89.14.208
Brianna Ballinghall,bballinghalldk@dion.ne.jp,215.198.249.229
Ruperto Bault,rbaultdl@forbes.com,177.102.90.158
Tirrell Samart,tsamartdm@ezinearticles.com,223.61.5.182
Boote De Lasci,bdelascidn@xrea.com,65.159.121.83
Corene Goldwater,cgoldwaterdo@webmd.com,80.112.32.139
Sofie Assur,sassurdp@bluehost.com,22.31.239.172
Abbye Disbrey,adisbreydq@alibaba.com,3.85.123.99
Tanner Weed,tweeddr@ycombinator.com,130.20.202.83
Jacklin Devitt,jdevittds@hp.com,152.177.228.66
Shauna Auld,saulddt@de.vu,62.79.154.144
Connor Lockless,clocklessdu@foxnews.com,69.244.215.59
Merissa Sharplin,msharplindv@google.pl,248.200.104.142
Blondell Falls,bfallsdw@ox.ac.uk,118.73.200.222
Tadd Rugg,truggdx@devhub.com,118.52.76.40
Brynn Gormally,bgormallydy@blinklist.com,46.198.158.224
Jenna Wellwood,jwellwooddz@squidoo.com,124.84.145.96
Siana Stiles,sstilese0@patch.com,152.55.228.135
Bryn Muat,bmuate1@surveymonkey.com,94.234.20.95
Nerte Kenlin,nkenline2@example.com,105.140.154.122
Harli O'Moylane,homoylanee3@lycos.com,85.22.193.130
Chicky Glassopp,cglassoppe4@youku.com,190.183.120.162
Pail Kenright,pkenrighte5@wufoo.com,10.213.162.62
Yetta Teal,yteale6@state.gov,67.7.27.226
Fonzie Schorah,fschorahe7@google.nl,105.219.122.158
Gertrudis Ghiron,gghirone8@ycombinator.com,83.229.10.61
Parker Thomasson,pthomassone9@reuters.com,58.227.133.107
Pollyanna Odgaard,podgaardea@sina.com.cn,159.49.47.102
Kore Chrippes,kchrippeseb@foxnews.com,27.177.81.137
Brynn Carnew,bcarnewec@mit.edu,139.106.215.144
Marion Tomczykowski,mtomczykowskied@storify.com,194.159.11.102
Carlin Biasetti,cbiasettiee@bloglines.com,97.70.215.177
Hedy Beeke,hbeekeef@51.la,212.210.174.10
Deidre Boscher,dboschereg@cpanel.net,48.167.26.156
Wernher Sparkes,wsparkeseh@netscape.com,63.134.142.9
Kienan Stiell,kstiellei@sitemeter.com,184.0.195.247
Cleveland Hyndman,chyndmanej@weather.com,206.15.111.253
Kelsey Dudding,kduddingek@slashdot.org,126.227.138.86
Sadie Heppner,sheppnerel@elpais.com,41.176.114.171
Pauletta Beasant,pbeasantem@patch.com,77.121.139.201
Birgitta Sandle,bsandleen@go.com,249.185.51.230
Odo Kisbee,okisbeeeo@admin.ch,68.115.195.84
Meghann Meran,mmeranep@wikispaces.com,28.235.72.113
Marcos Solly,msollyeq@ted.com,193.197.243.83
Jake Jepson,jjepsoner@wiley.com,195.138.202.255
Cy Cundy,ccundyes@lycos.com,6.3.6.170
Akim Poston,apostonet@baidu.com,93.92.208.218
Traver Llorens,tllorenseu@w3.org,106.155.208.98
Aubrey Sorrell,asorrellev@wikispaces.com,46.43.22.93
Eran Groarty,egroartyew@google.com,205.70.175.48
Cary Cashen,ccashenex@wikia.com,195.214.73.130
Jonah Carek,jcarekey@nifty.com,60.116.34.213
Twila Kenford,tkenfordez@simplemachines.org,37.165.58.220
Faun Simunek,fsimunekf0@gov.uk,225.211.73.91
Reg Huggen,rhuggenf1@gov.uk,246.107.200.20
Free Broscombe,fbroscombef2@webeden.co.uk,86.107.76.202
Diane-marie McConway,dmcconwayf3@bravesites.com,187.115.1.114
Laurice Deuss,ldeussf4@bbb.org,51.26.156.63
Bryna Stainfield,bstainfieldf5@etsy.com,211.132.158.70
Fan McCarty,fmccartyf6@irs.gov,161.64.50.58
Freddy Gosson,fgossonf7@sogou.com,108.79.71.141
Mira Ody,modyf8@flavors.me,89.152.224.244
Betsey Mennell,bmennellf9@fema.gov,75.252.54.223
Torie Mancer,tmancerfa@cnet.com,244.123.108.182
Lucita Illiston,lillistonfb@nytimes.com,30.182.241.4
Vasili Brehault,vbrehaultfc@pagesperso-orange.fr,92.189.209.10
Ode Hulme,ohulmefd@i2i.jp,213.223.148.2
Jarred Campa,jcampafe@columbia.edu,108.73.240.85
Hodge Ruler,hrulerff@state.tx.us,147.168.226.196
Jacobo Boleyn,jboleynfg@oracle.com,36.194.192.96
Legra Aplin,laplinfh@ucoz.ru,147.24.16.250
Donica Norwich,dnorwichfi@opera.com,227.176.177.87
Bo Knell,bknellfj@geocities.jp,43.23.66.76
Jaquelin Philot,jphilotfk@google.com.br,64.94.63.225
Nissy Yepiskov,nyepiskovfl@springer.com,211.215.202.224
Nollie Jarnell,njarnellfm@weebly.com,33.212.129.43
Donna Foston,dfostonfn@homestead.com,22.28.69.209
Payton Grigoliis,pgrigoliisfo@flickr.com,139.5.100.43
Wendy Rosenblum,wrosenblumfp@miibeian.gov.cn,158.151.182.231
Shaun Bonny,sbonnyfq@devhub.com,204.248.169.160
Wye Delatour,wdelatourfr@nymag.com,152.150.185.112
Der Stallard,dstallardfs@vistaprint.com,202.125.87.66
Jodi Ezzell,jezzellft@pen.io,84.173.114.33
Enrika Swyer-Sexey,eswyersexeyfu@aboutads.info,104.201.88.101
Gabriellia Dallman,gdallmanfv@msu.edu,231.116.159.200
Rois Suddock,rsuddockfw@cloudflare.com,41.63.210.166
Maximilian Wardhaw,mwardhawfx@usatoday.com,160.217.233.235
Sheba Howley,showleyfy@cdc.gov,98.18.72.154
Raye Tomasek,rtomasekfz@ucsd.edu,61.212.223.54
Elbertina Custard,ecustardg0@yale.edu,238.138.215.52
Brit Lassells,blassellsg1@mediafire.com,81.91.63.211
Martino Parsons,mparsonsg2@yellowbook.com,240.127.2.187
Dixie Anlay,danlayg3@umich.edu,96.15.122.188
Stirling Father,sfatherg4@discovery.com,168.83.238.246
Giulia Trammel,gtrammelg5@sitemeter.com,91.87.188.134
Prinz Verdie,pverdieg6@sina.com.cn,61.130.237.179
Cassie Tippings,ctippingsg7@tripadvisor.com,130.19.159.187
Annabella Climson,aclimsong8@blog.com,181.196.129.143
Jerrine Yggo,jyggog9@dedecms.com,111.50.85.127
Christabella Farryann,cfarryannga@dyndns.org,129.98.42.243
Agna Masser,amassergb@histats.com,223.138.159.236
Linnell Tabourin,ltabouringc@xing.com,45.89.234.149
Ezechiel Maudett,emaudettgd@tumblr.com,63.133.182.98
Celinka Garnson,cgarnsonge@who.int,89.35.37.26
Tobye Huggon,thuggongf@zimbio.com,28.30.13.7
Morty Chorlton,mchorltongg@chicagotribune.com,9.167.98.11
Charisse Manchester,cmanchestergh@cam.ac.uk,151.204.11.5
Mylo Staning,mstaninggi@sourceforge.net,121.115.144.241
Orren Middas,omiddasgj@google.com.hk,108.168.57.41
Melva Goodhall,mgoodhallgk@youtube.com,165.132.155.41
Kahaleel Postins,kpostinsgl@xrea.com,112.166.51.26
Kati Iacobo,kiacobogm@cbc.ca,6.10.64.92
Vidovic Gaiter,vgaitergn@berkeley.edu,74.5.172.60
Malva Devaney,mdevaneygo@statcounter.com,215.14.236.29
Bernardo Gudgin,bgudgingp@gnu.org,224.245.123.126
Vassily Bowler,vbowlergq@buzzfeed.com,73.12.105.119
Leela Dmitrievski,ldmitrievskigr@foxnews.com,230.63.82.160
Berty Suttaby,bsuttabygs@cisco.com,46.23.236.73
Lorene Goodsal,lgoodsalgt@tripod.com,223.89.133.150
Libbi Van Leeuwen,lvanleeuwengu@ehow.com,196.214.45.204
Lynnett Orbon,lorbongv@webmd.com,137.78.73.165
Thia Neumann,tneumanngw@netvibes.com,218.23.246.229
Shanie Aspinall,saspinallgx@myspace.com,168.81.30.223
Sander Langwade,slangwadegy@zdnet.com,176.238.239.10
Jodie Tertre,jtertregz@technorati.com,167.62.128.66
Maude Quinton,mquintonh0@usgs.gov,181.100.91.112
Allegra Avis,aavish1@marriott.com,34.245.179.2
Poul Neesam,pneesamh2@is.gd,11.248.105.250
Mellie Gillford,mgillfordh3@wikimedia.org,83.231.55.112
Witty Duinbleton,wduinbletonh4@google.nl,224.22.13.23
Killie Danat,kdanath5@latimes.com,25.148.101.232
Sari Machans,smachansh6@biblegateway.com,76.186.83.73
Emile Abilowitz,eabilowitzh7@upenn.edu,50.193.101.132
Marchelle Drains,mdrainsh8@epa.gov,163.168.33.153
Ray Mansion,rmansionh9@umich.edu,230.212.165.233
Wynnie Puckrin,wpuckrinha@google.pl,23.54.45.238
Yurik Moogan,ymooganhb@smh.com.au,19.83.188.85
Rebekah Antonellini,rantonellinihc@rediff.com,184.32.72.230
Darcy Pinnere,dpinnerehd@indiatimes.com,94.234.195.224
Anallise Featherstone,afeatherstonehe@qq.com,17.12.191.9
Gusti Waeland,gwaelandhf@gizmodo.com,148.3.12.77
Madeleine Symones,msymoneshg@spiegel.de,38.96.139.56
Ania Cockell,acockellhh@eepurl.com,226.177.83.30
Montague Vallender,mvallenderhi@europa.eu,234.83.110.229
Evaleen Snasdell,esnasdellhj@yahoo.co.jp,110.233.124.146
Galen Fechnie,gfechniehk@wired.com,33.190.135.53
Ellswerth Poundsford,epoundsfordhl@instagram.com,198.115.76.40
Domenic Camoys,dcamoyshm@fema.gov,92.22.117.66
Gav Cella,gcellahn@patch.com,108.126.107.131
Elianore Syalvester,esyalvesterho@csmonitor.com,132.121.136.56
Adara Bailiss,abailisshp@rakuten.co.jp,202.201.3.15
Starlene Yatman,syatmanhq@youku.com,249.203.236.232
Janet Wrist,jwristhr@g.co,82.16.9.68
Juanita Simonsen,jsimonsenhs@yolasite.com,93.72.111.204
Quinlan Bagguley,qbagguleyht@guardian.co.uk,161.36.16.167
Florentia Gieves,fgieveshu@desdev.cn,10.252.246.3
Sabrina O'Henery,soheneryhv@free.fr,174.77.205.202
Dalila Middis,dmiddishw@scientificamerican.com,12.112.217.77
Algernon Bonnick,abonnickhx@unc.edu,55.141.115.201
Ronnica Start,rstarthy@miitbeian.gov.cn,139.236.12.188
Jacquetta Dunstone,jdunstonehz@yellowbook.com,81.183.64.233
Frederich Katz,fkatzi0@angelfire.com,166.129.122.124
Wyn Agates,wagatesi1@admin.ch,62.192.51.74
Madelina Ofer,moferi2@bloglines.com,160.126.191.23
Isa Kewzick,ikewzicki3@51.la,112.27.87.173
Drew Bridat,dbridati4@columbia.edu,84.180.73.152
Geri Zannini,gzanninii5@angelfire.com,186.43.141.86
Dode Dashkovich,ddashkovichi6@addtoany.com,152.63.252.51
Wash Pea,wpeai7@mapy.cz,42.98.78.103
Gayleen Proughten,gproughteni8@phoca.cz,39.64.15.147
Rahel Mynett,rmynetti9@time.com,71.90.65.2
Mozes Tynemouth,mtynemouthia@prnewswire.com,40.128.132.50
Isadore Riehm,iriehmib@e-recht24.de,124.174.184.74
Claudine Helm,chelmic@mayoclinic.com,137.150.55.209
Darcie Longstaff,dlongstaffid@vinaora.com,113.37.193.38
Thibaut Sulman,tsulmanie@who.int,38.139.183.87
Rhianon Lowther,rlowtherif@storify.com,159.8.200.69
Hana Kimblen,hkimblenig@1688.com,72.134.239.11
Rubin Kemell,rkemellih@php.net,106.7.185.226
Tye Phillp,tphillpii@gov.uk,6.170.99.146
Zulema Barz,zbarzij@sogou.com,40.186.167.20
Janeta Briffett,jbriffettik@livejournal.com,158.253.163.117
Ruddie Foot,rfootil@nps.gov,69.65.16.22
Tully Bulfoy,tbulfoyim@ucoz.com,15.208.71.220
Durant Ridhole,dridholein@ucsd.edu,208.136.108.112
Brunhilda Kenderdine,bkenderdineio@artisteer.com,19.73.139.242
Josephine Tewes,jtewesip@behance.net,224.216.129.140
Saree Peschka,speschkaiq@deliciousdays.com,248.131.27.208
Rog Sellar,rsellarir@plala.or.jp,164.14.34.233
Stavro Lovel,slovelis@bluehost.com,223.82.206.89
Nyssa Lindenfeld,nlindenfeldit@miibeian.gov.cn,76.144.35.233
Elsi Hunter,ehunteriu@weibo.com,36.194.155.195
Bird Akess,bakessiv@storify.com,61.216.18.46
Zarah Southerell,zsoutherelliw@i2i.jp,50.170.24.31
Elvira Dryburgh,edryburghix@slate.com,202.251.120.42
Lesya Danby,ldanbyiy@smh.com.au,52.207.39.184
Lester Grigoriscu,lgrigoriscuiz@163.com,19.124.91.125
Moss Waslin,mwaslinj0@ucsd.edu,148.5.185.99
Bunni Riby,bribyj1@php.net,148.57.240.188
Brigham Bleasby,bbleasbyj2@tamu.edu,74.41.60.208
Way Quartermain,wquartermainj3@jalbum.net,55.49.89.49
Niles Salmoni,nsalmonij4@people.com.cn,184.44.131.44
Bel Cleall,bcleallj5@wsj.com,0.204.200.212
Fitzgerald Mearing,fmearingj6@list-manage.com,249.121.222.171
Josy O'Reilly,joreillyj7@telegraph.co.uk,242.191.88.208
Rocky Tuckie,rtuckiej8@hostgator.com,173.102.80.71
Theresa Stanford,tstanfordj9@about.me,158.57.249.129
Thomasin MacVicar,tmacvicarja@bluehost.com,45.44.215.52
Hebert Surgeon,hsurgeonjb@elegantthemes.com,183.242.69.35
Ethe Bonas,ebonasjc@yellowpages.com,7.16.205.233
Karia Ashdown,kashdownjd@artisteer.com,231.143.134.229
Brand Kennady,bkennadyje@msu.edu,33.149.246.32
Nina Ramsbottom,nramsbottomjf@amazon.co.jp,58.130.195.30
Hale Purdy,hpurdyjg@shinystat.com,210.150.42.188
Hank Harling,hharlingjh@rambler.ru,179.9.207.7
Dulci Housiaux,dhousiauxji@amazon.co.jp,7.73.199.84
Armstrong Chaudret,achaudretjj@nps.gov,224.35.130.248
Hyacinth Espie,hespiejk@biblegateway.com,37.217.59.241
Lisha Steffans,lsteffansjl@china.com.cn,176.100.172.78
Daisi Ferrarone,dferraronejm@skype.com,2.230.33.11
Hanny Frid,hfridjn@huffingtonpost.com,23.21.124.83
Cosette Pinwill,cpinwilljo@wikispaces.com,116.30.192.36
Gisela Hymer,ghymerjp@sphinn.com,205.139.31.165
Rudiger Harbron,rharbronjq@cbslocal.com,231.96.230.248
Geralda Evershed,gevershedjr@gizmodo.com,199.54.117.96
Cindra Younghusband,cyounghusbandjs@arizona.edu,95.158.203.97
Son Methley,smethleyjt@sohu.com,253.15.118.209
Halie Salvidge,hsalvidgeju@quantcast.com,184.90.231.249
Eydie Tinsley,etinsleyjv@harvard.edu,61.132.242.205
Chandal Gibbonson,cgibbonsonjw@cnn.com,181.24.29.217
Demott Billows,dbillowsjx@washington.edu,82.19.168.94
Maura Twigg,mtwiggjy@tinyurl.com,89.130.117.230
Corny McDyer,cmcdyerjz@nifty.com,143.199.211.230
Raff Lapwood,rlapwoodk0@bing.com,210.1.31.14
Debera Forsdike,dforsdikek1@wikimedia.org,192.17.215.230
Genovera Reynalds,greynaldsk2@aol.com,164.138.204.38
Ignazio Edelman,iedelmank3@wikia.com,252.208.107.136
Asa Dignon,adignonk4@newyorker.com,149.92.123.52
Jeramie Bonellie,jbonelliek5@reddit.com,233.23.244.241
Rodd Atyeo,ratyeok6@google.com.hk,239.225.142.212
Vilhelmina Sorro,vsorrok7@cnet.com,129.214.49.180
Duffy Sindell,dsindellk8@hugedomains.com,61.179.92.151
Kathleen Finlan,kfinlank9@jimdo.com,104.71.56.225
Hallsy Andreasen,handreasenka@pbs.org,92.49.7.10
Cass Hankins,chankinskb@godaddy.com,39.166.138.98
Monika Bayston,mbaystonkc@theglobeandmail.com,202.150.173.191
Davey Witsey,dwitseykd@harvard.edu,197.93.151.29
Guenevere Halpen,ghalpenke@amazon.de,162.44.149.234
Conney Nettle,cnettlekf@latimes.com,65.87.47.173
Rhonda Bohden,rbohdenkg@umich.edu,162.174.149.185
Freddy Lascelles,flascelleskh@techcrunch.com,242.23.38.200
Gui Bysshe,gbyssheki@auda.org.au,106.190.253.140
Dallas Clemonts,dclemontskj@discuz.net,141.103.179.61
Sal Gauntley,sgauntleykk@accuweather.com,43.128.54.87
Olly Baptist,obaptistkl@virginia.edu,135.19.33.83
Sacha Eaglesham,seagleshamkm@yelp.com,75.174.243.196
Ignacius Boch,ibochkn@google.es,239.16.49.130
Colene Walkley,cwalkleyko@taobao.com,240.54.143.42
Sydney Beagley,sbeagleykp@mail.ru,213.238.85.38
Sunny Dundon,sdundonkq@foxnews.com,42.137.101.138
Alonso Smitherman,asmithermankr@hhs.gov,157.100.7.169
Rolf Till,rtillks@jiathis.com,187.39.208.70
Morlee Chapelhow,mchapelhowkt@hubpages.com,242.162.214.67
Adele Tasseler,atasselerku@wix.com,235.9.189.249
Lesley Goatcher,lgoatcherkv@skype.com,62.68.42.171
Briano Dolle,bdollekw@virginia.edu,44.27.228.197
Aliza McKibbin,amckibbinkx@si.edu,196.2.79.19
Marci Ceschelli,mceschelliky@psu.edu,130.253.148.134
Cordie Nowick,cnowickkz@yandex.ru,97.105.201.31
Roderigo Blaksland,rblakslandl0@wix.com,30.198.124.178
Sybyl Curtoys,scurtoysl1@google.com,187.92.250.90
Sander Quail,squaill2@who.int,234.84.217.248
Tris Kemmet,tkemmetl3@studiopress.com,213.185.151.62
Marie Aimeric,maimericl4@ibm.com,183.43.38.154
Morton Maffini,mmaffinil5@gizmodo.com,94.200.66.126
Astra Karim,akariml6@deviantart.com,214.55.155.27
Sybille Shirtliff,sshirtliffl7@digg.com,237.250.2.18
Adina Frape,afrapel8@51.la,5.248.195.107
Yves Windham,ywindhaml9@nytimes.com,138.40.70.254
Cyrill Bolden,cboldenla@ed.gov,158.244.37.155
Alejandrina Deboo,adeboolb@timesonline.co.uk,155.251.115.239
Carney Telezhkin,ctelezhkinlc@theguardian.com,84.37.50.129
Rudiger Collin,rcollinld@exblog.jp,75.57.4.209
Theressa Tofts,ttoftsle@youtu.be,182.26.55.234
Everett Ianni,eiannilf@miitbeian.gov.cn,195.248.215.79
Lynne Pocknoll,lpocknolllg@rambler.ru,76.185.196.138
Daveta Farmar,dfarmarlh@google.fr,246.79.193.174
Melicent Wasson,mwassonli@thetimes.co.uk,97.198.225.51
Marven Aplin,maplinlj@ning.com,108.146.103.9
Flossy Perryman,fperrymanlk@hubpages.com,35.117.110.61
Nowell Swafford,nswaffordll@vkontakte.ru,151.180.244.228
Andrew Artz,aartzlm@google.nl,111.180.104.33
Adler Trehearne,atrehearneln@joomla.org,179.144.37.167
Sergeant Fountain,sfountainlo@unesco.org,140.138.129.196
Lovell Pelos,lpeloslp@slideshare.net,156.170.179.123
Isaiah Caldron,icaldronlq@tinyurl.com,18.100.195.229
Jeddy Cavill,jcavilllr@europa.eu,195.62.119.249
Cyndi Gallanders,cgallandersls@tinyurl.com,106.108.28.194
Mallissa Wicklen,mwicklenlt@freewebs.com,15.5.39.115
Alonzo Bau,abaulu@ft.com,188.66.5.226
Nat Haker,nhakerlv@gov.uk,165.206.32.125
Xymenes Towndrow,xtowndrowlw@foxnews.com,221.24.80.50
Aristotle Lawn,alawnlx@surveymonkey.com,64.116.210.162
Kristi Antonoczyk,kantonoczykly@dailymotion.com,106.240.139.119
Itch Wiles,iwileslz@webs.com,235.171.213.33
Lorelle Dibsdale,ldibsdalem0@ycombinator.com,241.250.90.111
Buffy Duggary,bduggarym1@omniture.com,23.207.192.37
Benjy Fredy,bfredym2@google.it,85.51.29.196
Misty Dempster,mdempsterm3@vinaora.com,126.223.23.26
Heida Edes,hedesm4@devhub.com,69.190.52.29
Meryl Gabb,mgabbm5@blinklist.com,13.234.133.247
Simonette Cotsford,scotsfordm6@yahoo.co.jp,91.190.204.154
Jewel Blanko,jblankom7@topsy.com,165.168.176.241
Vivian Enderlein,venderleinm8@cyberchimps.com,41.111.93.120
Horton Fieldhouse,hfieldhousem9@reverbnation.com,213.135.225.242
Madel Ealam,mealamma@blogger.com,71.20.162.130
Tadeo Ridings,tridingsmb@about.com,217.203.44.86
Dorice Thinn,dthinnmc@ftc.gov,155.50.10.59
Ely Humby,ehumbymd@thetimes.co.uk,255.94.151.127
Eli Queen,equeenme@shop-pro.jp,182.242.85.2
Daisi Gascoigne,dgascoignemf@163.com,242.221.125.226
Corry Retallack,cretallackmg@aol.com,118.130.230.119
Araldo Fick,afickmh@cocolog-nifty.com,70.34.108.176
Wilfred Brezlaw,wbrezlawmi@alexa.com,192.32.140.8
Lorrie Meale,lmealemj@4shared.com,189.108.179.248
Thia Lucia,tluciamk@google.nl,40.124.107.215
Darby Heistermann,dheistermannml@goo.ne.jp,250.74.110.232
Tandy Peacham,tpeachammm@berkeley.edu,50.62.209.23
Lilith Danielsky,ldanielskymn@wikipedia.org,229.163.199.190
Beauregard Oels,boelsmo@cocolog-nifty.com,31.156.172.194
Dorothee Long,dlongmp@netscape.com,106.220.101.20
Karoly Tzar,ktzarmq@washington.edu,143.26.104.95
Philippa McCrea,pmccreamr@reference.com,43.63.52.133
Tynan Reglar,treglarms@liveinternet.ru,224.228.83.97
Morey Lytell,mlytellmt@simplemachines.org,70.139.134.133
Maynard Tissell,mtissellmu@thetimes.co.uk,16.17.181.205
Luise Burghall,lburghallmv@nhs.uk,139.192.189.238
Shandy Cragell,scragellmw@w3.org,193.142.20.6
Blair Eltone,beltonemx@state.tx.us,104.15.39.150
Kenny Dickie,kdickiemy@simplemachines.org,122.156.226.252
Natty O'Lahy,nolahymz@reverbnation.com,166.89.110.157
Brandtr Fibbens,bfibbensn0@paypal.com,102.168.205.178
Abigael Amis,aamisn1@moonfruit.com,154.133.81.203
Claudia Kerr,ckerrn2@gnu.org,51.112.226.146
Ryon Fery,rferyn3@wordpress.com,206.251.124.240
Marchall Matthewes,mmatthewesn4@surveymonkey.com,142.40.219.177
Hali Castelot,hcastelotn5@rediff.com,81.199.188.38
Carlita Shovell,cshovelln6@goo.gl,174.119.212.220
Marianna Uc,mucn7@domainmarket.com,239.21.190.112
Daniella Faughnan,dfaughnann8@tinypic.com,116.114.252.14
Hedwig McGonagle,hmcgonaglen9@guardian.co.uk,152.84.141.35
Beatrice Mottinelli,bmottinellina@yandex.ru,33.245.69.106
Elane Ilyukhov,eilyukhovnb@topsy.com,237.170.66.123
Morten Core,mcorenc@baidu.com,58.105.82.93
Val Keepe,vkeepend@indiatimes.com,139.118.47.48
Arvie Flawith,aflawithne@arizona.edu,157.12.100.68
Anjela Scarasbrick,ascarasbricknf@latimes.com,208.26.116.196
Hubert Cod,hcodng@uiuc.edu,157.43.82.110
Madelaine Wesker,mweskernh@youtu.be,142.160.117.161
Nada Playden,nplaydenni@unesco.org,166.171.28.151
Franny Panketh,fpankethnj@cisco.com,14.101.2.147
Laurent Pummell,lpummellnk@biglobe.ne.jp,142.238.130.165
Ebonee Dymoke,edymokenl@uol.com.br,35.148.120.176
Ninnette Shillitoe,nshillitoenm@java.com,68.217.58.151
Janella Goricke,jgorickenn@opensource.org,45.104.136.65
Boycey Borg-Bartolo,bborgbartolono@lycos.com,83.70.1.203
Dorolice Inman,dinmannp@nbcnews.com,52.227.170.203
Arte Corp,acorpnq@timesonline.co.uk,176.119.49.96
Thorny Mitchenson,tmitchensonnr@salon.com,101.164.143.6
Ade Gail,agailns@goo.ne.jp,110.209.159.86
Stoddard Daggett,sdaggettnt@blogtalkradio.com,63.209.200.28
Lorine Ca,lcanu@toplist.cz,199.237.222.151
Nealon Gwyneth,ngwynethnv@chron.com,210.17.147.239
Liam De Mars,ldemarsnw@infoseek.co.jp,231.237.1.15
Daune Bartosek,dbartoseknx@yahoo.com,88.133.219.209
Griffin Michie,gmichieny@parallels.com,58.130.35.182
Eunice Fallowfield,efallowfieldnz@seattletimes.com,0.186.124.173
Abby McRobb,amcrobbo0@1und1.de,21.187.81.165
Rhianna Jachimiak,rjachimiako1@scribd.com,78.182.117.49
Melodee Dorrity,mdorrityo2@bbb.org,140.143.214.246
Lyman Kunat,lkunato3@tripod.com,140.255.182.230
Conrade Baford,cbafordo4@ovh.net,161.114.80.90
Xylina Leivesley,xleivesleyo5@ow.ly,205.2.199.75
Janelle Brokenbrow,jbrokenbrowo6@seesaa.net,194.182.201.160
Verge Fareweather,vfareweathero7@whitehouse.gov,172.217.214.120
Malina Jaycocks,mjaycockso8@microsoft.com,88.52.77.243
Mickie Grolle,mgrolleo9@psu.edu,206.189.237.156
Dagmar Kilshaw,dkilshawoa@tumblr.com,168.223.105.140
Cristabel Laxtonne,claxtonneob@blog.com,80.35.60.253
Giuseppe Cawston,gcawstonoc@sun.com,248.92.222.35
Hammad Fazakerley,hfazakerleyod@clickbank.net,57.2.126.151
Evie Skrzynski,eskrzynskioe@hostgator.com,249.235.146.43
Carmencita Rooke,crookeof@elpais.com,127.193.28.7
Anderson Bessell,abessellog@dagondesign.com,6.226.144.117
Gayle Pedler,gpedleroh@opensource.org,36.237.11.172
Aurelea Rase,araseoi@comsenz.com,112.182.70.49
Humfried Standish,hstandishoj@uol.com.br,215.132.19.114
Noelyn Leavold,nleavoldok@who.int,95.125.83.175
Ruby Iddiens,riddiensol@dropbox.com,48.218.89.46
Arlene Kose,akoseom@theatlantic.com,195.14.191.159
Haleigh Sellwood,hsellwoodon@imdb.com,113.123.64.247
Chelsae Dillintone,cdillintoneoo@printfriendly.com,207.95.141.109
Prentiss Spillard,pspillardop@imgur.com,93.218.18.63
Effie Denk,edenkoq@cyberchimps.com,177.112.105.79
Randall Snape,rsnapeor@cpanel.net,219.151.179.102
Darrel Eberz,deberzos@bing.com,31.100.217.11
Frankie Matthensen,fmatthensenot@topsy.com,54.203.145.54
Patrizius Woodruff,pwoodruffou@fda.gov,15.2.62.161
Clarence Oxburgh,coxburghov@cdc.gov,72.162.143.93
Mickie Brien,mbrienow@51.la,147.55.108.93
Hayes Frost,hfrostox@list-manage.com,69.48.92.48
Tessie Chaize,tchaizeoy@symantec.com,88.73.183.86
Carmelia Dowrey,cdowreyoz@narod.ru,77.63.116.60
Gino Hucklesby,ghucklesbyp0@wikimedia.org,13.14.21.119
Ivett Bletcher,ibletcherp1@huffingtonpost.com,30.165.119.156
Kiah Stelfax,kstelfaxp2@oracle.com,246.148.193.17
Ddene Withull,dwithullp3@163.com,28.129.124.220
Gayle Schruur,gschruurp4@skyrock.com,156.117.241.251
Fredra Suggey,fsuggeyp5@printfriendly.com,143.66.37.187
Hamish Absolom,habsolomp6@intel.com,208.47.171.63
Bary Briars,bbriarsp7@histats.com,67.163.74.23
Cordie Sirette,csirettep8@msn.com,98.211.33.25
Coleen Belliard,cbelliardp9@state.gov,96.5.219.54
Antons Colter,acolterpa@umich.edu,125.233.34.87
Dante de Nore,ddenorepb@vinaora.com,245.251.63.15
Tudor Eliaz,teliazpc@msu.edu,209.3.112.53
Hilary Ondrus,hondruspd@ning.com,43.253.199.131
Dominga Sowten,dsowtenpe@amazon.co.uk,69.67.0.19
Chad Brotherwood,cbrotherwoodpf@creativecommons.org,134.222.235.3
Cash Moreton,cmoretonpg@mayoclinic.com,186.198.179.231
Carlynne Kreuzer,ckreuzerph@nih.gov,202.240.118.52
Christina Shevels,cshevelspi@hatena.ne.jp,166.104.165.172
Fanchette Cellone,fcellonepj@simplemachines.org,190.39.25.62
Eydie Sidsaff,esidsaffpk@howstuffworks.com,28.97.192.96
Rona Sproston,rsprostonpl@salon.com,142.185.99.74
Kayla Diggons,kdiggonspm@deliciousdays.com,77.189.1.142
Arturo Jonin,ajoninpn@seesaa.net,53.59.14.15
Faustine Raiman,fraimanpo@skype.com,121.99.19.212
Hamil Polycote,hpolycotepp@ed.gov,21.209.89.10
Reid Surr,rsurrpq@infoseek.co.jp,129.190.134.123
Gale Muskett,gmuskettpr@lulu.com,210.194.4.71
Herman Barlie,hbarlieps@loc.gov,93.41.124.218
Egon Szymonowicz,eszymonowiczpt@friendfeed.com,112.107.124.159
Brian Inott,binottpu@dagondesign.com,38.219.194.32
Dolorita Alessandrelli,dalessandrellipv@msu.edu,231.188.119.220
Manfred Somerlie,msomerliepw@histats.com,170.76.5.17
Cybil Witsey,cwitseypx@ask.com,228.0.240.108
Yurik Coundley,ycoundleypy@multiply.com,156.94.229.33
Lurline Bispham,lbisphampz@com.com,204.129.216.170
Kimberli Lerohan,klerohanq0@soundcloud.com,195.245.128.57
Sarge Dangerfield,sdangerfieldq1@google.co.uk,224.94.51.94
Gaelan Camois,gcamoisq2@blogtalkradio.com,144.49.189.22
Pasquale Barrack,pbarrackq3@comsenz.com,203.189.237.15
Spence Quittonden,squittondenq4@people.com.cn,223.117.110.217
Laurens Bliven,lblivenq5@noaa.gov,213.103.137.21
Gaile Grolmann,ggrolmannq6@redcross.org,224.37.194.41
Kimble Acarson,kacarsonq7@blogtalkradio.com,109.141.209.169
Meier Noury,mnouryq8@flickr.com,68.37.140.1
Floria Spavon,fspavonq9@columbia.edu,84.130.45.99
Kylie Seiller,kseillerqa@ucoz.ru,197.242.172.86
Celisse Mathivat,cmathivatqb@home.pl,152.203.73.202
Ellary Goldsmith,egoldsmithqc@taobao.com,121.144.247.159
Quint Summerill,qsummerillqd@dell.com,59.95.103.144
Daloris Ashpole,dashpoleqe@a8.net,142.213.192.22
Pandora Cashin,pcashinqf@microsoft.com,59.66.86.195
Reinaldo Renzullo,rrenzulloqg@comcast.net,155.50.40.47
Ely Meneghi,emeneghiqh@cbsnews.com,246.66.33.34
Manya Shoebotham,mshoebothamqi@nhs.uk,119.23.240.147
Karine Eynaud,keynaudqj@ezinearticles.com,104.208.68.34
Karlene Moncaster,kmoncasterqk@infoseek.co.jp,219.184.227.137
Northrop Bristo,nbristoql@ezinearticles.com,4.150.200.30
Lenette Dudley,ldudleyqm@g.co,48.37.219.106
Maxwell Bullant,mbullantqn@discovery.com,252.241.232.148
Tedra Tuny,ttunyqo@opensource.org,193.82.225.220
Maximilien Hupe,mhupeqp@nationalgeographic.com,86.58.24.252
Sianna Stenners,sstennersqq@yahoo.com,118.203.226.25
Murvyn Guilbert,mguilbertqr@ox.ac.uk,250.166.28.167
Red Curd,rcurdqs@unicef.org,178.166.209.235
Emmery Robertsson,erobertssonqt@naver.com,62.207.223.195
Eberto O'Cullinane,eocullinanequ@360.cn,36.144.245.68
Avrit Mc Faul,amcfaulqv@dailymail.co.uk,31.42.145.29
Rice Johnke,rjohnkeqw@topsy.com,182.42.158.92
Elsy Ferraraccio,eferraraccioqx@dot.gov,196.0.225.178
Minor Glaze,mglazeqy@ebay.co.uk,112.130.161.88
Wilona Leakner,wleaknerqz@walmart.com,150.31.48.228
Page Grumell,pgrumellr0@wikimedia.org,181.116.195.5
Aloisia Lillecrap,alillecrapr1@google.com.br,197.249.1.108
Giles Kubicka,gkubickar2@wufoo.com,188.11.162.239
Stacie Ealden,sealdenr3@360.cn,137.16.160.28
Lucas Lucius,lluciusr4@g.co,102.147.231.71
Pablo Gavagan,pgavaganr5@w3.org,166.150.20.178
Iona Scottesmoor,iscottesmoorr6@illinois.edu,224.180.38.193
Lilith Tyler,ltylerr7@smugmug.com,105.121.73.160
Portie Stedell,pstedellr8@ft.com,224.234.175.109
Josiah Selvey,jselveyr9@instagram.com,121.186.131.180
Kendricks Rubenchik,krubenchikra@photobucket.com,229.106.226.156
Simon Gate,sgaterb@furl.net,114.28.149.71
Alejandra Barock,abarockrc@icq.com,42.43.26.81
Codee Fyrth,cfyrthrd@patch.com,117.52.248.245
Michel Haile,mhailere@sina.com.cn,105.4.80.79
Mace Dudley,mdudleyrf@is.gd,208.209.222.238
Brit Corkell,bcorkellrg@ucoz.com,123.60.76.69
Beryl Huskinson,bhuskinsonrh@is.gd,115.243.65.79
Bari Moryson,bmorysonri@army.mil,45.144.224.34
Norris Giggie,ngiggierj@ca.gov,195.221.217.207
Ariella Wallace,awallacerk@blogspot.com,39.15.241.165
Georgine Verrell,gverrellrl@163.com,223.234.189.165
Rodi Tatersale,rtatersalerm@furl.net,232.14.170.151
Bee Simpkins,bsimpkinsrn@xing.com,144.230.7.114
Sigismund Mateus,smateusro@skype.com,193.199.131.183
Beale Featherstone,bfeatherstonerp@csmonitor.com,69.85.130.105
Annissa Savell,asavellrq@tmall.com,17.5.96.204
Jere McLanachan,jmclanachanrr@wp.com,74.58.151.147
